{
    "preset": {
        "generation": 30,
        "population": 15,
        "seed": 77777
    },
    "0": {
        "speed": [
            1
        ],
        "sense": [
            50
        ],
        "switch": [
            0.5
        ]
    },
    "1": {
        "speed": [
            1,
            1,
            1,
            1,
            1,
            1,
            1,
            1,
            1,
            1,
            1
        ],
        "sense": [
            40,
            65,
            65,
            65,
            65,
            40,
            40,
            65,
            40,
            65,
            65
        ],
        "switch": [
            0.5700000000000001,
            0.43,
            0.43,
            0.43,
            0.43,
            0.5700000000000001,
            0.5700000000000001,
            0.43,
            0.5700000000000001,
            0.43,
            0.43
        ]
    },
    "2": {
        "speed": [
            1,
            1,
            1,
            1,
            1,
            1,
            1,
            1,
            1
        ],
        "sense": [
            30,
            55,
            55,
            55,
            80,
            30,
            80,
            55,
            80
        ],
        "switch": [
            0.6400000000000001,
            0.5,
            0.5,
            0.5,
            0.36,
            0.6400000000000001,
            0.36,
            0.5,
            0.36
        ]
    },
    "3": {
        "speed": [
            1,
            1,
            1,
            2,
            2,
            1,
            1,
            1
        ],
        "sense": [
            20,
            45,
            45,
            70,
            45,
            70,
            45,
            70
        ],
        "switch": [
            0.7100000000000002,
            0.5700000000000001,
            0.5700000000000001,
            0.43,
            0.5700000000000001,
            0.43,
            0.5700000000000001,
            0.43
        ]
    },
    "4": {
        "speed": [
            1,
            1,
            2,
            2,
            1,
            1,
            1
        ],
        "sense": [
            35,
            60,
            85,
            35,
            60,
            35,
            85
        ],
        "switch": [
            0.6400000000000001,
            0.5,
            0.36,
            0.6400000000000001,
            0.5,
            0.6400000000000001,
            0.36
        ]
    },
    "5": {
        "speed": [
            1,
            1,
            2,
            2,
            1
        ],
        "sense": [
            25,
            50,
            75,
            25,
            25
        ],
        "switch": [
            0.7100000000000002,
            0.5700000000000001,
            0.43,
            0.7100000000000002,
            0.7100000000000002
        ]
    },
    "6": {
        "speed": [
            3,
            2,
            2
        ],
        "sense": [
            90,
            40,
            40
        ],
        "switch": [
            0.36,
            0.6400000000000001,
            0.6400000000000001
        ]
    },
    "7": {
        "speed": [
            3,
            2,
            2
        ],
        "sense": [
            105,
            55,
            55
        ],
        "switch": [
            0.29,
            0.5700000000000001,
            0.5700000000000001
        ]
    },
    "8": {
        "speed": [
            3,
            2,
            2
        ],
        "sense": [
            120,
            45,
            45
        ],
        "switch": [
            0.21999999999999997,
            0.6400000000000001,
            0.6400000000000001
        ]
    },
    "9": {
        "speed": [
            3,
            3
        ],
        "sense": [
            110,
            60
        ],
        "switch": [
            0.29,
            0.5700000000000001
        ]
    },
    "10": {
        "speed": [
            3,
            3
        ],
        "sense": [
            100,
            50
        ],
        "switch": [
            0.36,
            0.6400000000000001
        ]
    },
    "11": {
        "speed": [
            3,
            3
        ],
        "sense": [
            90,
            65
        ],
        "switch": [
            0.43,
            0.5700000000000001
        ]
    },
    "12": {
        "speed": [
            4,
            3
        ],
        "sense": [
            105,
            55
        ],
        "switch": [
            0.36,
            0.6400000000000001
        ]
    },
    "13": {
        "speed": [
            4,
            3
        ],
        "sense": [
            120,
            45
        ],
        "switch": [
            0.29,
            0.7100000000000002
        ]
    },
    "14": {
        "speed": [
            4,
            3
        ],
        "sense": [
            135,
            60
        ],
        "switch": [
            0.21999999999999997,
            0.6400000000000001
        ]
    },
    "15": {
        "speed": [
            4,
            3
        ],
        "sense": [
            125,
            50
        ],
        "switch": [
            0.29,
            0.7100000000000002
        ]
    },
    "16": {
        "speed": [
            4,
            3
        ],
        "sense": [
            140,
            65
        ],
        "switch": [
            0.21999999999999997,
            0.6400000000000001
        ]
    },
    "17": {
        "speed": [
            4,
            3
        ],
        "sense": [
            155,
            55
        ],
        "switch": [
            0.14999999999999997,
            0.7100000000000002
        ]
    },
    "18": {
        "speed": [
            4,
            3
        ],
        "sense": [
            145,
            45
        ],
        "switch": [
            0.21999999999999997,
            0.7800000000000002
        ]
    },
    "19": {
        "speed": [
            4,
            3
        ],
        "sense": [
            135,
            35
        ],
        "switch": [
            0.29,
            0.8500000000000003
        ]
    },
    "20": {
        "speed": [
            4
        ],
        "sense": [
            125
        ],
        "switch": [
            0.36
        ]
    }
}