{
    "preset": {
        "generation": 30,
        "population": 15,
        "seed": 88888
    },
    "0": {
        "speed": [
            1
        ],
        "sense": [
            50
        ],
        "switch": [
            0.5
        ]
    },
    "1": {
        "speed": [
            1,
            1,
            1,
            1,
            1,
            1,
            1,
            1,
            1,
            1,
            1,
            1
        ],
        "sense": [
            65,
            40,
            65,
            65,
            40,
            40,
            65,
            65,
            65,
            65,
            40,
            40
        ],
        "switch": [
            0.43,
            0.5700000000000001,
            0.43,
            0.43,
            0.5700000000000001,
            0.5700000000000001,
            0.43,
            0.43,
            0.43,
            0.43,
            0.5700000000000001,
            0.5700000000000001
        ]
    },
    "2": {
        "speed": [
            1,
            1,
            1,
            1,
            1,
            1,
            1,
            1,
            1
        ],
        "sense": [
            55,
            55,
            55,
            55,
            55,
            55,
            55,
            55,
            55
        ],
        "switch": [
            0.5,
            0.5,
            0.5,
            0.5,
            0.5,
            0.5,
            0.5,
            0.5,
            0.5
        ]
    },
    "3": {
        "speed": [
            1,
            2,
            1,
            2,
            2,
            1,
            1
        ],
        "sense": [
            45,
            70,
            45,
            70,
            70,
            45,
            70
        ],
        "switch": [
            0.5700000000000001,
            0.43,
            0.5700000000000001,
            0.43,
            0.43,
            0.5700000000000001,
            0.43
        ]
    },
    "4": {
        "speed": [
            2,
            2,
            2,
            1,
            1
        ],
        "sense": [
            60,
            85,
            85,
            35,
            60
        ],
        "switch": [
            0.5,
            0.36,
            0.36,
            0.6400000000000001,
            0.5
        ]
    },
    "5": {
        "speed": [
            2,
            2,
            2,
            1,
            1
        ],
        "sense": [
            75,
            75,
            100,
            25,
            50
        ],
        "switch": [
            0.43,
            0.43,
            0.29,
            0.7100000000000002,
            0.5700000000000001
        ]
    },
    "6": {
        "speed": [
            3,
            2,
            2,
            1
        ],
        "sense": [
            90,
            65,
            90,
            65
        ],
        "switch": [
            0.36,
            0.5,
            0.36,
            0.5
        ]
    },
    "7": {
        "speed": [
            3,
            2,
            1
        ],
        "sense": [
            105,
            80,
            80
        ],
        "switch": [
            0.29,
            0.43,
            0.43
        ]
    },
    "8": {
        "speed": [
            3,
            2,
            1
        ],
        "sense": [
            95,
            70,
            70
        ],
        "switch": [
            0.36,
            0.5,
            0.5
        ]
    },
    "9": {
        "speed": [
            4,
            2,
            2
        ],
        "sense": [
            110,
            85,
            85
        ],
        "switch": [
            0.29,
            0.43,
            0.43
        ]
    },
    "10": {
        "speed": [
            4,
            2,
            2
        ],
        "sense": [
            100,
            100,
            75
        ],
        "switch": [
            0.36,
            0.36,
            0.5
        ]
    },
    "11": {
        "speed": [
            4,
            2
        ],
        "sense": [
            115,
            90
        ],
        "switch": [
            0.29,
            0.43
        ]
    },
    "12": {
        "speed": [
            5,
            3
        ],
        "sense": [
            130,
            105
        ],
        "switch": [
            0.21999999999999997,
            0.36
        ]
    },
    "13": {
        "speed": [
            5,
            3
        ],
        "sense": [
            145,
            95
        ],
        "switch": [
            0.14999999999999997,
            0.43
        ]
    },
    "14": {
        "speed": [
            5,
            3
        ],
        "sense": [
            160,
            85
        ],
        "switch": [
            0.1,
            0.5
        ]
    },
    "15": {
        "speed": [
            5,
            3
        ],
        "sense": [
            150,
            100
        ],
        "switch": [
            0.17,
            0.43
        ]
    },
    "16": {
        "speed": [
            5,
            3
        ],
        "sense": [
            165,
            115
        ],
        "switch": [
            0.1,
            0.36
        ]
    },
    "17": {
        "speed": [
            5,
            3
        ],
        "sense": [
            180,
            105
        ],
        "switch": [
            0.1,
            0.43
        ]
    },
    "18": {
        "speed": [
            6,
            3
        ],
        "sense": [
            195,
            95
        ],
        "switch": [
            0.1,
            0.5
        ]
    },
    "19": {
        "speed": [
            6,
            3
        ],
        "sense": [
            185,
            85
        ],
        "switch": [
            0.17,
            0.5700000000000001
        ]
    },
    "20": {
        "speed": [
            6,
            3
        ],
        "sense": [
            200,
            75
        ],
        "switch": [
            0.1,
            0.6400000000000001
        ]
    },
    "21": {
        "speed": [
            7
        ],
        "sense": [
            215
        ],
        "switch": [
            0.1
        ]
    }
}