{
    "preset": {
        "generation": 30,
        "population": 15,
        "seed": 99999
    },
    "0": {
        "speed": [
            1
        ],
        "sense": [
            50
        ],
        "switch": [
            0.5
        ]
    },
    "1": {
        "speed": [
            1,
            1,
            1,
            1,
            1,
            1,
            1,
            1,
            1
        ],
        "sense": [
            40,
            65,
            65,
            40,
            40,
            40,
            40,
            40,
            40
        ],
        "switch": [
            0.5700000000000001,
            0.43,
            0.43,
            0.5700000000000001,
            0.5700000000000001,
            0.5700000000000001,
            0.5700000000000001,
            0.5700000000000001,
            0.5700000000000001
        ]
    },
    "2": {
        "speed": [
            1,
            1,
            1,
            1,
            1,
            1,
            1,
            1
        ],
        "sense": [
            30,
            80,
            55,
            55,
            30,
            55,
            55,
            30
        ],
        "switch": [
            0.6400000000000001,
            0.36,
            0.5,
            0.5,
            0.6400000000000001,
            0.5,
            0.5,
            0.6400000000000001
        ]
    },
    "3": {
        "speed": [
            1,
            1,
            2,
            2,
            1,
            1
        ],
        "sense": [
            20,
            45,
            70,
            70,
            45,
            20
        ],
        "switch": [
            0.7100000000000002,
            0.5700000000000001,
            0.43,
            0.43,
            0.5700000000000001,
            0.7100000000000002
        ]
    },
    "4": {
        "speed": [
            1,
            2,
            2,
            1
        ],
        "sense": [
            35,
            85,
            85,
            35
        ],
        "switch": [
            0.6400000000000001,
            0.36,
            0.36,
            0.6400000000000001
        ]
    },
    "5": {
        "speed": [
            1,
            2,
            2,
            1
        ],
        "sense": [
            50,
            75,
            75,
            25
        ],
        "switch": [
            0.5700000000000001,
            0.43,
            0.43,
            0.7100000000000002
        ]
    },
    "6": {
        "speed": [
            1,
            3,
            2,
            2
        ],
        "sense": [
            65,
            90,
            65,
            40
        ],
        "switch": [
            0.5,
            0.36,
            0.5,
            0.6400000000000001
        ]
    },
    "7": {
        "speed": [
            1,
            3,
            2,
            2
        ],
        "sense": [
            80,
            105,
            80,
            30
        ],
        "switch": [
            0.43,
            0.29,
            0.43,
            0.7100000000000002
        ]
    },
    "8": {
        "speed": [
            1,
            3,
            2,
            2
        ],
        "sense": [
            70,
            120,
            95,
            45
        ],
        "switch": [
            0.5,
            0.21999999999999997,
            0.36,
            0.6400000000000001
        ]
    },
    "9": {
        "speed": [
            1,
            3,
            2,
            2
        ],
        "sense": [
            60,
            110,
            85,
            35
        ],
        "switch": [
            0.5700000000000001,
            0.29,
            0.43,
            0.7100000000000002
        ]
    },
    "10": {
        "speed": [
            1,
            3,
            2,
            2
        ],
        "sense": [
            50,
            100,
            75,
            50
        ],
        "switch": [
            0.6400000000000001,
            0.36,
            0.5,
            0.6400000000000001
        ]
    },
    "11": {
        "speed": [
            3,
            2,
            2
        ],
        "sense": [
            90,
            65,
            65
        ],
        "switch": [
            0.43,
            0.5700000000000001,
            0.5700000000000001
        ]
    },
    "12": {
        "speed": [
            4,
            2,
            3
        ],
        "sense": [
            105,
            55,
            80
        ],
        "switch": [
            0.36,
            0.6400000000000001,
            0.5
        ]
    },
    "13": {
        "speed": [
            4,
            3
        ],
        "sense": [
            120,
            95
        ],
        "switch": [
            0.29,
            0.43
        ]
    },
    "14": {
        "speed": [
            4,
            3
        ],
        "sense": [
            135,
            110
        ],
        "switch": [
            0.21999999999999997,
            0.36
        ]
    },
    "15": {
        "speed": [
            4,
            3
        ],
        "sense": [
            125,
            100
        ],
        "switch": [
            0.29,
            0.43
        ]
    },
    "16": {
        "speed": [
            4
        ],
        "sense": [
            140
        ],
        "switch": [
            0.21999999999999997
        ]
    }
}