{
    "preset": {
        "generation": 30,
        "population": 15,
        "seed": 11111
    },
    "0": {
        "speed": [
            1
        ],
        "sense": [
            50
        ],
        "switch": [
            0.5
        ]
    },
    "1": {
        "speed": [
            1,
            1,
            1,
            1,
            1,
            1,
            1,
            1,
            1
        ],
        "sense": [
            40,
            40,
            65,
            40,
            40,
            65,
            40,
            65,
            65
        ],
        "switch": [
            0.5700000000000001,
            0.5700000000000001,
            0.43,
            0.5700000000000001,
            0.5700000000000001,
            0.43,
            0.5700000000000001,
            0.43,
            0.43
        ]
    },
    "2": {
        "speed": [
            1,
            1,
            1,
            1,
            1,
            1,
            1
        ],
        "sense": [
            30,
            30,
            55,
            30,
            55,
            55,
            80
        ],
        "switch": [
            0.6400000000000001,
            0.6400000000000001,
            0.5,
            0.6400000000000001,
            0.5,
            0.5,
            0.36
        ]
    },
    "3": {
        "speed": [
            1,
            1,
            1,
            1,
            2
        ],
        "sense": [
            20,
            45,
            45,
            45,
            95
        ],
        "switch": [
            0.7100000000000002,
            0.5700000000000001,
            0.5700000000000001,
            0.5700000000000001,
            0.29
        ]
    },
    "4": {
        "speed": [
            1,
            1,
            1,
            2
        ],
        "sense": [
            35,
            35,
            35,
            85
        ],
        "switch": [
            0.6400000000000001,
            0.6400000000000001,
            0.6400000000000001,
            0.36
        ]
    },
    "5": {
        "speed": [
            1,
            1,
            1,
            2
        ],
        "sense": [
            25,
            25,
            25,
            75
        ],
        "switch": [
            0.7100000000000002,
            0.7100000000000002,
            0.7100000000000002,
            0.43
        ]
    },
    "6": {
        "speed": [
            2,
            2,
            2
        ],
        "sense": [
            40,
            40,
            65
        ],
        "switch": [
            0.6400000000000001,
            0.6400000000000001,
            0.5
        ]
    },
    "7": {
        "speed": [
            2,
            2,
            2
        ],
        "sense": [
            30,
            55,
            80
        ],
        "switch": [
            0.7100000000000002,
            0.5700000000000001,
            0.43
        ]
    },
    "8": {
        "speed": [
            2,
            2,
            2
        ],
        "sense": [
            45,
            45,
            95
        ],
        "switch": [
            0.6400000000000001,
            0.6400000000000001,
            0.36
        ]
    },
    "9": {
        "speed": [
            2,
            3,
            2
        ],
        "sense": [
            60,
            60,
            110
        ],
        "switch": [
            0.5700000000000001,
            0.5700000000000001,
            0.29
        ]
    },
    "10": {
        "speed": [
            2,
            3,
            2
        ],
        "sense": [
            75,
            75,
            100
        ],
        "switch": [
            0.5,
            0.5,
            0.36
        ]
    },
    "11": {
        "speed": [
            2,
            3,
            2
        ],
        "sense": [
            90,
            65,
            115
        ],
        "switch": [
            0.43,
            0.5700000000000001,
            0.29
        ]
    },
    "12": {
        "speed": [
            2,
            3,
            2
        ],
        "sense": [
            80,
            55,
            130
        ],
        "switch": [
            0.5,
            0.6400000000000001,
            0.21999999999999997
        ]
    },
    "13": {
        "speed": [
            2,
            3,
            2
        ],
        "sense": [
            95,
            70,
            145
        ],
        "switch": [
            0.43,
            0.5700000000000001,
            0.14999999999999997
        ]
    },
    "14": {
        "speed": [
            2,
            3,
            2
        ],
        "sense": [
            110,
            60,
            135
        ],
        "switch": [
            0.36,
            0.6400000000000001,
            0.21999999999999997
        ]
    },
    "15": {
        "speed": [
            3,
            4,
            3
        ],
        "sense": [
            125,
            75,
            150
        ],
        "switch": [
            0.29,
            0.5700000000000001,
            0.14999999999999997
        ]
    },
    "16": {
        "speed": [
            3,
            4,
            3
        ],
        "sense": [
            115,
            90,
            140
        ],
        "switch": [
            0.36,
            0.5,
            0.21999999999999997
        ]
    },
    "17": {
        "speed": [
            3,
            3
        ],
        "sense": [
            130,
            130
        ],
        "switch": [
            0.29,
            0.29
        ]
    },
    "18": {
        "speed": [
            4,
            3
        ],
        "sense": [
            145,
            120
        ],
        "switch": [
            0.21999999999999997,
            0.36
        ]
    },
    "19": {
        "speed": [
            4,
            3
        ],
        "sense": [
            135,
            110
        ],
        "switch": [
            0.29,
            0.43
        ]
    },
    "20": {
        "speed": [
            4,
            3
        ],
        "sense": [
            125,
            125
        ],
        "switch": [
            0.36,
            0.36
        ]
    },
    "21": {
        "speed": [
            5,
            4
        ],
        "sense": [
            140,
            140
        ],
        "switch": [
            0.29,
            0.29
        ]
    },
    "22": {
        "speed": [
            5,
            4
        ],
        "sense": [
            155,
            155
        ],
        "switch": [
            0.21999999999999997,
            0.21999999999999997
        ]
    },
    "23": {
        "speed": [
            5,
            4
        ],
        "sense": [
            145,
            145
        ],
        "switch": [
            0.29,
            0.29
        ]
    },
    "24": {
        "speed": [
            6,
            4
        ],
        "sense": [
            160,
            160
        ],
        "switch": [
            0.21999999999999997,
            0.21999999999999997
        ]
    },
    "25": {
        "speed": [
            6,
            4
        ],
        "sense": [
            175,
            175
        ],
        "switch": [
            0.14999999999999997,
            0.14999999999999997
        ]
    },
    "26": {
        "speed": [
            6,
            4
        ],
        "sense": [
            165,
            190
        ],
        "switch": [
            0.21999999999999997,
            0.1
        ]
    },
    "27": {
        "speed": [
            7,
            4
        ],
        "sense": [
            180,
            180
        ],
        "switch": [
            0.14999999999999997,
            0.17
        ]
    },
    "28": {
        "speed": [
            4
        ],
        "sense": [
            195
        ],