{
    "preset": {
        "generation": 30,
        "population": 15,
        "seed": 44444
    },
    "0": {
        "speed": [
            1
        ],
        "sense": [
            50
        ],
        "switch": [
            0.5
        ]
    },
    "1": {
        "speed": [
            1,
            1,
            1,
            1,
            1,
            1,
            1,
            1,
            1,
            1,
            1
        ],
        "sense": [
            40,
            65,
            65,
            40,
            65,
            40,
            65,
            65,
            65,
            40,
            40
        ],
        "switch": [
            0.5700000000000001,
            0.43,
            0.43,
            0.5700000000000001,
            0.43,
            0.5700000000000001,
            0.43,
            0.43,
            0.43,
            0.5700000000000001,
            0.5700000000000001
        ]
    },
    "2": {
        "speed": [
            1,
            1,
            1,
            1,
            1,
            1,
            1,
            1
        ],
        "sense": [
            30,
            80,
            30,
            80,
            30,
            55,
            55,
            55
        ],
        "switch": [
            0.6400000000000001,
            0.36,
            0.6400000000000001,
            0.36,
            0.6400000000000001,
            0.5,
            0.5,
            0.5
        ]
    },
    "3": {
        "speed": [
            2,
            1,
            1,
            1,
            1,
            1
        ],
        "sense": [
            45,
            70,
            70,
            70,
            70,
            45
        ],
        "switch": [
            0.5700000000000001,
            0.43,
            0.43,
            0.43,
            0.43,
            0.5700000000000001
        ]
    },
    "4": {
        "speed": [
            2,
            1,
            1,
            1,
            1,
            1
        ],
        "sense": [
            60,
            85,
            85,
            85,
            60,
            60
        ],
        "switch": [
            0.5,
            0.36,
            0.36,
            0.36,
            0.5,
            0.5
        ]
    },
    "5": {
        "speed": [
            2,
            1,
            1
        ],
        "sense": [
            75,
            100,
            75
        ],
        "switch": [
            0.43,
            0.29,
            0.43
        ]
    },
    "6": {
        "speed": [
            2,
            2,
            1
        ],
        "sense": [
            65,
            115,
            90
        ],
        "switch": [
            0.5,
            0.21999999999999997,
            0.36
        ]
    },
    "7": {
        "speed": [
            2,
            2,
            1
        ],
        "sense": [
            80,
            130,
            105
        ],
        "switch": [
            0.43,
            0.14999999999999997,
            0.29
        ]
    },
    "8": {
        "speed": [
            2,
            2,
            1
        ],
        "sense": [
            95,
            120,
            120
        ],
        "switch": [
            0.36,
            0.21999999999999997,
            0.21999999999999997
        ]
    },
    "9": {
        "speed": [
            2,
            2,
            2
        ],
        "sense": [
            85,
            110,
            135
        ],
        "switch": [
            0.43,
            0.29,
            0.14999999999999997
        ]
    },
    "10": {
        "speed": [
            2,
            2,
            2
        ],
        "sense": [
            100,
            125,
            150
        ],
        "switch": [
            0.36,
            0.21999999999999997,
            0.1
        ]
    },
    "11": {
        "speed": [
            2,
            2,
            2
        ],
        "sense": [
            90,
            140,
            140
        ],
        "switch": [
            0.43,
            0.14999999999999997,
            0.17
        ]
    },
    "12": {
        "speed": [
            2,
            2,
            2
        ],
        "sense": [
            80,
            130,
            130
        ],
        "switch": [
            0.5,
            0.21999999999999997,
            0.24000000000000002
        ]
    },
    "13": {
        "speed": [
            2,
            2,
            2
        ],
        "sense": [
            95,
            145,
            120
        ],
        "switch": [
            0.43,
            0.14999999999999997,
            0.31000000000000005
        ]
    },
    "14": {
        "speed": [
            2,
            2,
            2
        ],
        "sense": [
            110,
            160,
            110
        ],
        "switch": [
            0.36,
            0.1,
            0.38000000000000006
        ]
    },
    "15": {
        "speed": [
            2,
            2,
            2
        ],
        "sense": [
            100,
            150,
            100
        ],
        "switch": [
            0.43,
            0.17,
            0.45000000000000007
        ]
    },
    "16": {
        "speed": [
            2,
            2,
            2
        ],
        "sense": [
            115,
            165,
            115
        ],
        "switch": [
            0.36,
            0.1,
            0.38000000000000006
        ]
    },
    "17": {
        "speed": [
            2,
            2,
            2
        ],
        "sense": [
            105,
            180,
            130
        ],
        "switch": [
            0.43,
            0.1,
            0.31000000000000005
        ]
    },
    "18": {
        "speed": [
            2,
            3
        ],
        "sense": [
            170,
            145
        ],
        "switch": [
            0.17,
            0.24000000000000005
        ]
    },
    "19": {
        "speed": [
            2,
            3
        ],
        "sense": [
            160,
            160
        ],
        "switch": [
            0.24000000000000002,
            0.17000000000000004
        ]
    },
    "20": {
        "speed": [
            2,
            3
        ],
        "sense": [
            150,
            175
        ],
        "switch": [
            0.31000000000000005,
            0.10000000000000003
        ]
    },
    "21": {
        "speed": [
            2,
            3
        ],
        "sense": [
            140,
            165
        ],
        "switch": [
            0.38000000000000006,
            0.17000000000000004
        ]
    },
    "22": {
        "speed": [
            2,
            3
        ],
        "sense": [
            155,
            155
        ],
        "switch": [
            0.31000000000000005,
            0.24000000000000005
        ]
    },
    "23": {
        "speed": [
            2,
            3
        ],
        "sense": [
            170,
            170
        ],
        "switch": [
            0.24000000000000005,
            0.17000000000000004
        ]
    },
    "24": {
        "speed": [
            3,
            4
        ],
        "sense": [
            185,
            185
        ],
        "switch": [
            0.17000000000000004,
            0.10000000000000003
        ]
    },
    "25": {
        "speed": [
            3,
            4
        ],
        "sense": [
            200,
            200
        ],
        "switch": [
            0.10000000000000003,
            0.1
        ]
    },
    "26": {
        "speed": [
            3,
            4
        ],
        "sense": [
            190,
            190
        ],
        "switch": [
            0.17000000000000004,
            0.17
        ]
    },