{
    "preset": {
        "generation": 30,
        "population": 15,
        "seed": 55555
    },
    "0": {
        "speed": [
            1
        ],
        "sense": [
            50
        ],
        "switch": [
            0.5
        ]
    },
    "1": {
        "speed": [
            1,
            1,
            1,
            1,
            1,
            1,
            1,
            1,
            1,
            1,
            1
        ],
        "sense": [
            65,
            40,
            40,
            65,
            65,
            40,
            65,
            40,
            65,
            65,
            40
        ],
        "switch": [
            0.43,
            0.5700000000000001,
            0.5700000000000001,
            0.43,
            0.43,
            0.5700000000000001,
            0.43,
            0.5700000000000001,
            0.43,
            0.43,
            0.5700000000000001
        ]
    },
    "2": {
        "speed": [
            1,
            1,
            1,
            1,
            1,
            1,
            1,
            1,
            1
        ],
        "sense": [
            80,
            30,
            80,
            55,
            55,
            80,
            80,
            55,
            55
        ],
        "switch": [
            0.36,
            0.6400000000000001,
            0.36,
            0.5,
            0.5,
            0.36,
            0.36,
            0.5,
            0.5
        ]
    },
    "3": {
        "speed": [
            2,
            1,
            1,
            2,
            1,
            1,
            1,
            1
        ],
        "sense": [
            95,
            95,
            45,
            70,
            70,
            70,
            45,
            45
        ],
        "switch": [
            0.29,
            0.29,
            0.5700000000000001,
            0.43,
            0.43,
            0.43,
            0.5700000000000001,
            0.5700000000000001
        ]
    },
    "4": {
        "speed": [
            2,
            2,
            1,
            1
        ],
        "sense": [
            110,
            60,
            85,
            35
        ],
        "switch": [
            0.21999999999999997,
            0.5,
            0.36,
            0.6400000000000001
        ]
    },
    "5": {
        "speed": [
            2,
            2,
            1,
            1
        ],
        "sense": [
            125,
            50,
            100,
            50
        ],
        "switch": [
            0.14999999999999997,
            0.5700000000000001,
            0.29,
            0.5700000000000001
        ]
    },
    "6": {
        "speed": [
            2,
            2,
            1,
            1
        ],
        "sense": [
            115,
            65,
            90,
            40
        ],
        "switch": [
            0.21999999999999997,
            0.5,
            0.36,
            0.6400000000000001
        ]
    },
    "7": {
        "speed": [
            2,
            2,
            1
        ],
        "sense": [
            130,
            55,
            80
        ],
        "switch": [
            0.14999999999999997,
            0.5700000000000001,
            0.43
        ]
    },
    "8": {
        "speed": [
            2,
            2,
            1
        ],
        "sense": [
            120,
            45,
            95
        ],
        "switch": [
            0.21999999999999997,
            0.6400000000000001,
            0.36
        ]
    },
    "9": {
        "speed": [
            2,
            2,
            1
        ],
        "sense": [
            110,
            60,
            85
        ],
        "switch": [
            0.29,
            0.5700000000000001,
            0.43
        ]
    },
    "10": {
        "speed": [
            2,
            2,
            1
        ],
        "sense": [
            100,
            50,
            75
        ],
        "switch": [
            0.36,
            0.6400000000000001,
            0.5
        ]
    },
    "11": {
        "speed": [
            2,
            2,
            1
        ],
        "sense": [
            90,
            40,
            65
        ],
        "switch": [
            0.43,
            0.7100000000000002,
            0.5700000000000001
        ]
    },
    "12": {
        "speed": [
            2,
            2,
            2
        ],
        "sense": [
            80,
            30,
            80
        ],
        "switch": [
            0.5,
            0.7800000000000002,
            0.5
        ]
    },
    "13": {
        "speed": [
            2,
            2
        ],
        "sense": [
            45,
            70
        ],
        "switch": [
            0.7100000000000002,
            0.5700000000000001
        ]
    },
    "14": {
        "speed": [
            2,
            2
        ],
        "sense": [
            35,
            60
        ],
        "switch": [
            0.7800000000000002,
            0.6400000000000001
        ]
    },
    "15": {
        "speed": [
            2,
            3
        ],
        "sense": [
            25,
            75
        ],
        "switch": [
            0.8500000000000003,
            0.5700000000000001
        ]
    },
    "16": {
        "speed": [
            3
        ],
        "sense": [
            90
        ],
        "switch": [
            0.5
        ]
    }
}