{
    "preset": {
        "generation": 30,
        "population": 15,
        "seed": 22222
    },
    "0": {
        "speed": [
            1
        ],
        "sense": [
            50
        ],
        "switch": [
            0.5
        ]
    },
    "1": {
        "speed": [
            1,
            1,
            1,
            1,
            1,
            1,
            1,
            1
        ],
        "sense": [
            65,
            65,
            40,
            65,
            65,
            65,
            65,
            65
        ],
        "switch": [
            0.43,
            0.43,
            0.5700000000000001,
            0.43,
            0.43,
            0.43,
            0.43,
            0.43
        ]
    },
    "2": {
        "speed": [
            1,
            1,
            1,
            1,
            1,
            1
        ],
        "sense": [
            80,
            55,
            30,
            80,
            80,
            55
        ],
        "switch": [
            0.36,
            0.5,
            0.6400000000000001,
            0.36,
            0.36,
            0.5
        ]
    },
    "3": {
        "speed": [
            1,
            1,
            1,
            1,
            2
        ],
        "sense": [
            70,
            20,
            70,
            70,
            70
        ],
        "switch": [
            0.43,
            0.7100000000000002,
            0.43,
            0.43,
            0.43
        ]
    },
    "4": {
        "speed": [
            1,
            1,
            1,
            2
        ],
        "sense": [
            60,
            85,
            85,
            85
        ],
        "switch": [
            0.5,
            0.36,
            0.36,
            0.36
        ]
    },
    "5": {
        "speed": [
            1,
            1,
            1,
            2
        ],
        "sense": [
            75,
            75,
            75,
            100
        ],
        "switch": [
            0.43,
            0.43,
            0.43,
            0.29
        ]
    },
    "6": {
        "speed": [
            1,
            1,
            1,
            2
        ],
        "sense": [
            65,
            65,
            65,
            90
        ],
        "switch": [
            0.5,
            0.5,
            0.5,
            0.36
        ]
    },
    "7": {
        "speed": [
            1,
            1,
            2
        ],
        "sense": [
            80,
            80,
            105
        ],
        "switch": [
            0.43,
            0.43,
            0.29
        ]
    },
    "8": {
        "speed": [
            1,
            1,
            2
        ],
        "sense": [
            70,
            95,
            95
        ],
        "switch": [
            0.5,
            0.36,
            0.36
        ]
    },
    "9": {
        "speed": [
            1,
            2,
            3
        ],
        "sense": [
            85,
            110,
            110
        ],
        "switch": [
            0.43,
            0.29,
            0.29
        ]
    },
    "10": {
        "speed": [
            1,
            2,
            3
        ],
        "sense": [
            75,
            100,
            125
        ],
        "switch": [
            0.5,
            0.36,
            0.21999999999999997
        ]
    },
    "11": {
        "speed": [
            1,
            2,
            3
        ],
        "sense": [
            65,
            115,
            115
        ],
        "switch": [
            0.5700000000000001,
            0.29,
            0.29
        ]
    },
    "12": {
        "speed": [
            1,
            2,
            3
        ],
        "sense": [
            55,
            130,
            105
        ],
        "switch": [
            0.6400000000000001,
            0.21999999999999997,
            0.36
        ]
    },
    "13": {
        "speed": [
            2,
            3
        ],
        "sense": [
            120,
            95
        ],
        "switch": [
            0.29,
            0.43
        ]
    },
    "14": {
        "speed": [
            2,
            3
        ],
        "sense": [
            110,
            110
        ],
        "switch": [
            0.36,
            0.36
        ]
    },
    "15": {
        "speed": [
            3,
            3
        ],
        "sense": [
            125,
            100
        ],
        "switch": [
            0.29,
            0.43
        ]
    },
    "16": {
        "speed": [
            3,
            3
        ],
        "sense": [
            140,
            90
        ],
        "switch": [
            0.21999999999999997,
            0.5
        ]
    },
    "17": {
        "speed": [
            3,
            3
        ],
        "sense": [
            155,
            80
        ],
        "switch": [
            0.14999999999999997,
            0.5700000000000001
        ]
    },
    "18": {
        "speed": [
            3,
            3
        ],
        "sense": [
            145,
            95
        ],
        "switch": [
            0.21999999999999997,
            0.5
        ]
    },
    "19": {
        "speed": [
            3,
            3
        ],
        "sense": [
            135,
            110
        ],
        "switch": [
            0.29,
            0.43
        ]
    },
    "20": {
        "speed": [
            3,
            3
        ],
        "sense": [
            150,
            100
        ],
        "switch": [
            0.21999999999999997,
            0.5
        ]
    },
    "21": {
        "speed": [
            3,
            3
        ],
        "sense": [
            165,
            90
        ],
        "switch": [
            0.14999999999999997,
            0.5700000000000001
        ]
    },
    "22": {
        "speed": [
            3,
            3
        ],
        "sense": [
            180,
            105
        ],
        "switch": [
            0.1,
            0.5
        ]
    },
    "23": {
        "speed": [
            3,
            3
        ],
        "sense": [
            170,
            120
        ],
        "switch": [
            0.17,
            0.43
        ]
    },
    "24": {
        "speed": [
            3,
            3
        ],
        "sense": [
            185,
            135
        ],
        "switch": [
            0.1,
            0.36
        ]
    },
    "25": {
        "speed": [
            3
        ],
        "sense": [
            175
        ],
        "switch": [
            0.17
        ]
    }
}