{
    "preset": {
        "generation": 30,
        "population": 15,
        "seed": 33333
    },
    "0": {
        "speed": [
            1
        ],
        "sense": [
            50
        ],
        "switch": [
            0.5
        ]
    },
    "1": {
        "speed": [
            1,
            1,
            1,
            1,
            1,
            1,
            1,
            1,
            1,
            1
        ],
        "sense": [
            65,
            40,
            65,
            65,
            65,
            40,
            40,
            40,
            40,
            40
        ],
        "switch": [
            0.43,
            0.5700000000000001,
            0.43,
            0.43,
            0.43,
            0.5700000000000001,
            0.5700000000000001,
            0.5700000000000001,
            0.5700000000000001,
            0.5700000000000001
        ]
    },
    "2": {
        "speed": [
            1,
            1,
            1,
            1,
            1,
            1
        ],
        "sense": [
            55,
            80,
            80,
            55,
            55,
            55
        ],
        "switch": [
            0.5,
            0.36,
            0.36,
            0.5,
            0.5,
            0.5
        ]
    },
    "3": {
        "speed": [
            2,
            1,
            1,
            1,
            1,
            2
        ],
        "sense": [
            70,
            70,
            95,
            45,
            70,
            70
        ],
        "switch": [
            0.43,
            0.43,
            0.29,
            0.5700000000000001,
            0.43,
            0.43
        ]
    },
    "4": {
        "speed": [
            2,
            1,
            1,
            1,
            2
        ],
        "sense": [
            85,
            85,
            110,
            60,
            85
        ],
        "switch": [
            0.36,
            0.36,
            0.21999999999999997,
            0.5,
            0.36
        ]
    },
    "5": {
        "speed": [
            2,
            1,
            1,
            2
        ],
        "sense": [
            75,
            75,
            125,
            100
        ],
        "switch": [
            0.43,
            0.43,
            0.14999999999999997,
            0.29
        ]
    },
    "6": {
        "speed": [
            3,
            1,
            1,
            2
        ],
        "sense": [
            90,
            65,
            115,
            90
        ],
        "switch": [
            0.36,
            0.5,
            0.21999999999999997,
            0.36
        ]
    },
    "7": {
        "speed": [
            3,
            1,
            1,
            2
        ],
        "sense": [
            105,
            80,
            105,
            80
        ],
        "switch": [
            0.29,
            0.43,
            0.29,
            0.43
        ]
    },
    "8": {
        "speed": [
            3,
            1,
            2
        ],
        "sense": [
            95,
            70,
            70
        ],
        "switch": [
            0.36,
            0.5,
            0.5
        ]
    },
    "9": {
        "speed": [
            3,
            1,
            2
        ],
        "sense": [
            110,
            60,
            60
        ],
        "switch": [
            0.29,
            0.5700000000000001,
            0.5700000000000001
        ]
    },
    "10": {
        "speed": [
            3,
            1,
            2
        ],
        "sense": [
            100,
            50,
            75
        ],
        "switch": [
            0.36,
            0.6400000000000001,
            0.5
        ]
    },
    "11": {
        "speed": [
            3,
            1,
            2
        ],
        "sense": [
            115,
            65,
            65
        ],
        "switch": [
            0.29,
            0.5700000000000001,
            0.5700000000000001
        ]
    },
    "12": {
        "speed": [
            3
        ],
        "sense": [
            105
        ],
        "switch": [
            0.36
        ]
    }
}